Time,Kinetic,Potential,Total
0.017,0.243406,154.82,155.063
0.034,0.974778,154.088,155.063
0.051,2.19756,152.866,155.063
0.068,3.91737,151.146,155.063
0.085,6.14192,148.921,155.063
0.102,8.88069,146.183,155.063
0.119,12.1446,142.919,155.063
0.136,15.9457,139.118,155.063
0.153,20.2961,134.767,155.063
0.17,25.2077,129.856,155.063
0.187,30.6905,124.373,155.063
0.204,36.7516,118.312,155.063
0.221,43.3936,111.67,155.063
0.238,50.6117,104.452,155.063
0.255,58.391,96.6722,155.063
0.272,66.7016,88.3616,155.063
0.289,75.4898,79.5734,155.063
0.306,84.6635,70.3997,155.063
0.323,94.0636,60.9997,155.063
0.34,103.412,51.6512,155.063
0.357,112.243,42.8204,155.063
0.374,119.91,35.1536,155.063
0.391,125.869,29.1943,155.063
0.408,130.042,25.021,155.063
0.425,132.721,22.3423,155.063
0.442,134.254,20.8093,155.063
0.459,134.913,20.1502,155.063
0.476,134.893,20.1698,155.063
0.493,134.343,20.7203,155.063
0.51,133.385,21.6777,155.063
0.527,132.135,22.9283,155.063
0.544,130.699,24.3638,155.063
0.561,129.18,25.8831,155.063
0.578,127.665,27.3984,155.063
0.595,126.221,28.8425,155.063
0.612,124.886,30.1769,155.063
0.629,123.66,31.4032,155.063
0.646,122.484,32.5792,155.063
0.663,121.213,33.8504,155.063
0.68,119.563,35.5001,155.063
0.697,117.086,37.9772,155.063
0.714,113.333,41.73,155.063
0.731,108.246,46.8172,155.063
0.748,102.197,52.8662,155.063
0.765,95.6336,59.4296,155.063
0.782,88.8834,66.1798,155.063
0.799,82.1552,72.908,155.063
0.816,75.5803,79.4829,155.063
0.833,69.2433,85.82,155.063
0.85,63.2004,91.8628,155.063
0.867,57.491,97.5722,155.063
0.884,52.1432,102.92,155.063
0.901,47.1783,107.885,155.063
0.918,42.6134,112.45,155.063
0.935,38.4622,116.601,155.063
0.952,34.7372,120.326,155.063
0.969,31.4491,123.614,155.063
0.986,28.608,126.455,155.063
1.003,26.2235,128.84,155.063
1.02,24.3042,130.759,155.063
1.037,22.8584,132.205,155.063
1.054,21.8935,133.17,155.063
1.071,21.4161,133.647,155.063
1.088,21.432,133.631,155.063
1.105,21.9455,133.118,155.063
1.122,22.9598,132.103,155.063
1.139,24.4759,130.587,155.063
1.156,26.4929,128.57,155.063
1.173,29.0066,126.057,155.063
1.19,32.0096,123.054,155.063
1.207,35.49,119.573,155.063
1.224,39.4319,115.631,155.063
1.241,43.8152,111.248,155.063
1.258,48.6171,106.446,155.063
1.275,53.8134,101.25,155.063
1.292,59.3813,95.6819,155.063
1.309,65.2998,89.7634,155.063
1.326,71.5509,83.5123,155.063
1.343,78.1176,76.9456,155.063
1.36,84.9822,70.0811,155.063
1.377,92.1228,62.9404,155.063
1.394,99.509,55.5542,155.063
1.411,107.096,47.9675,155.063
1.428,114.813,40.2506,155.063
1.445,122.546,32.5175,155.063
1.462,130.099,24.9645,155.063
1.479,137.106,17.9574,155.063
1.496,142.823,12.2404,155.063
1.513,145.744,9.3191,155.063
1.53,144.015,11.0482,155.063
1.547,138.09,16.9732,155.063
1.564,130.133,24.9307,155.063
1.581,121.505,33.558,155.063
1.598,112.814,42.2488,155.063
1.615,104.345,50.7185,155.063
1.632,96.2476,58.8156,155.063
1.649,88.6151,66.4481,155.063
1.666,81.5101,73.5531,155.063
1.683,74.981,80.0822,155.063
1.7,69.069,85.9942,155.063
1.717,63.811,91.2522,155.063
1.734,59.2408,95.8224,155.063
1.751,55.3869,99.6763,155.063
1.768,52.2688,102.794,155.063
1.785,49.8923,105.171,155.063
1.802,48.2449,106.818,155.063
1.819,47.2951,107.768,155.063
1.836,46.9939,108.069,155.063
1.853,47.2809,107.782,155.063
1.87,48.092,106.971,155.063
1.887,49.3673,105.696,155.063
1.904,51.0587,104.005,155.063
1.921,53.1351,101.928,155.063
1.938,55.5857,99.4776,155.063
1.955,58.4196,96.6436,155.063
1.972,61.6635,93.3997,155.063
